285,PHI (משרת את הוט ופרטנר),NS0819D,כפר יונה,כפר יונה  השומרון,מ.מקומית כפר יונה,כפר יונה,194014,690961,מתקן גישה אלחוטי,06/07/2020,03/08/2020,10/05/2023,יש היתר,66,8,ברח` השרון - מבנה בבנייה - קומה 1 במרחק 20 מטר,http://documents.sviva.gov.il/B001_1_NS0819D_20200706_1208.pdf,http://documents.sviva.gov.il/B002_1_NS0819D_20200803_1132.pdf,דור  3 4,34.93427503778595,32.31211340799452
494,PHI (משרת את הוט ופרטנר),NS1844E,זמר,מגרש כדורגל  זמר,מ.מקומית זמר,זמר,202564,697744,תורן קרקעי,24/08/2021,20/12/2021,19/12/2021,יש היתר,0,0,לא נמצאו אזורים מאוכלסים ברציפות בקרבת מקום,http://documents.sviva.gov.il/B001_1_NS1844E_20210824_0922.pdf,http://documents.sviva.gov.il/B002_1_NS1844E_20211220_1845.pdf,דור  2 3 4 5,35.0249442780088,32.37344117778407
624,PHI (משרת את הוט ופרטנר),NS3176F,טייבה-במשולש,ליד שער אפרים,עירית טייבה במשולש,טייבה,200751,687593,תורן קרקעי,02/09/2021,24/01/2022,13/01/2022,יש היתר,2,0,במבנה מגורים מזרחי במרחק 69 מטר,http://documents.sviva.gov.il/B001_1_NS3176F_20210902_1543.pdf,http://documents.sviva.gov.il/B002_1_NS3176F_20220124_1437.pdf,דור  2 3 4 5,35.00587940713756,32.28187489987074
727,PHI (משרת את הוט ופרטנר),MN3504C,קדימה,רחוב האופה- בית רולדין,מ.מקומית קדימה,לב השרון,192586,687003,תורן על הגג,28/04/2021,28/11/2021,10/09/2023,יש היתר,30,5,בבניין משרדים אפור במרחק 73 מטר,http://documents.sviva.gov.il/B001_1_MN3504C_20210428_1558.pdf,http://documents.sviva.gov.il/B002_1_MN3504C_20211128_0919.pdf,דור  2 3 4 5,34.919223366875144,32.27638852970314
925,PHI (משרת את הוט ופרטנר),NS3221A,פרדסיה,תורן סלקום פרדסיה מערב,מ.מקומית פרדסיה,לב השרון,191024,689838,תורן קרקעי,15/08/2023,28/09/2023,14/09/2023,יש היתר,0,0,לא נמצאו אזורים מאוכלסים ברציפות בקרבת האתר,http://documents.sviva.gov.il/B001_1_NS3221A_20230815_1046.pdf,http://documents.sviva.gov.il/B002_1_NS3221A_20230928_0816.pdf,דור  2 3 4 5,34.902558875589285,32.301914778525045
1022,PHI (משרת את הוט ופרטנר),NE4968A,המעפיל,קבוץ המעפיל,מ.א עמק חפר,המעפיל,198788,698258,אנטנה משתפלת,29/06/2016,15/03/2021,25/01/2023,יש היתר,38,5,רמה זו צפויה בסטודיו למחול שפת הגוף במרחק 5 מטר,http://documents.sviva.gov.il/B001_1_NE4968A_20160714_1051.pdf,http://documents.sviva.gov.il/B002_1_NE4968A_20210315_1335.pdf,דור  2 3 4,34.98480976469297,32.378012681445824
1026,PHI (משרת את הוט ופרטנר),NS0934A,אומץ,תורן חברת פלאפון באומץ,מ.א עמק חפר,עמק חפר,199318,696588,תורן קרקעי,09/01/2013,06/02/2023,25/01/2023,יש היתר,1,0,מפלס הקרקע,http://documents.sviva.gov.il/B001_1_NS0934A_20130109_0930.pdf,http://documents.sviva.gov.il/B002_1_NS0934A_20230206_1051.pdf,דור  2 3 4,34.99047723249989,32.362963133808535
1183,PHI (משרת את הוט ופרטנר),WM3798D,קלנסווה,קלנסווה דרום,מ.מקומית קלנסווה,קלנסווה,198477,687794,מתקן גישה אלחוטי,06/05/2020,13/10/2020,02/02/2023,יש היתר,70,8,בהמסגד הישן במרחק 26 מטר,http://documents.sviva.gov.il/B001_1_WM3798D_20200506_1603.pdf,http://documents.sviva.gov.il/B002_1_WM3798D_20201013_1028.pdf,דור  2 3 4,34.98173606084565,32.2836471882226
1208,PHI (משרת את הוט ופרטנר),NS3158C,ינוב,ינוב,מ.א לב השרון,לב השרון,195918,691052,תורן קרקעי,16/03/2020,26/05/2020,07/02/2023,יש היתר,6,1,בבית קרור/אריזה במרחק 44 מטר,http://documents.sviva.gov.il/B001_1_NS3158C_20200316_1745.pdf,http://documents.sviva.gov.il/B002_1_NS3158C_20200526_0935.pdf,דור  2 3 4,34.95449073445118,32.31297565575265
1216,PHI (משרת את הוט ופרטנר),NS6410C,ניצני עוז,ניצני עוז סלקום,מ.א לב השרון,לב השרון,201183,690060,תורן קרקעי,07/10/2019,26/05/2020,08/02/2023,יש היתר,2,0,רמה זו צפויה בחממה - קרקע במרחק 33 מטר,http://documents.sviva.gov.il/B001_1_NS6410C_20191007_1657.pdf,http://documents.sviva.gov.il/B002_1_NS6410C_20200526_1004.pdf,דור  2 3 4,35.01041780230278,32.30412850785366
1218,PHI (משרת את הוט ופרטנר),NS4198D,יד חנה,ליד יד חנה דרום מדרום לבת חפר.,מ.א עמק חפר,בת חפר,201497,692026,תורן קרקעי,28/02/2021,28/04/2021,08/02/2023,יש היתר,3,1,בפרגולה פינת ישיבה במרחק 55 מטר,http://documents.sviva.gov.il/B001_1_NS4198D_20210228_1327.pdf,http://documents.sviva.gov.il/B002_1_NS4198D_20210428_1547.pdf,דור  2 3 4,35.01371465132295,32.321862186121606
1334,PHI (משרת את הוט ופרטנר),NS3746B,בת חפר,"בת חפר משאבת  מים - שת""פ פלאפון",מ.מקומית בת חפר,עמק חפר,200780,693246,תורן קרקעי,03/11/2022,26/02/2023,08/02/2023,יש היתר,0,0,לא נמצאו אזורים מאוכלסים ברציפות בקרבת האתר,http://documents.sviva.gov.il/B001_1_NS3746B_20221103_1325.pdf,http://documents.sviva.gov.il/B002_1_NS3746B_20230226_1036.pdf,דור  2 3 4,35.00607623388869,32.33285189154094
1477,PHI (משרת את הוט ופרטנר),NS6506D,כפר יונה,דרום כפר יונה,מ.מקומית כפר יונה,כפר יונה,193103,690473,תורן קרקעי,18/10/2021,22/11/2022,25/09/2022,יש היתר,0,0,לא נמצאו אזורים מאוכלסים ברציפות בקרבת מקום.,http://documents.sviva.gov.il/B001_1_NS6506D_20211018_1349.pdf,http://documents.sviva.gov.il/B002_1_NS6506D_20221122_1507.pdf,דור  2 3 4 5,34.924614968763294,32.307691772595525
1578,PHI (משרת את הוט ופרטנר),NS0210A,עמק חפר,צומת בית ליד צמוד לאתר סלקום,מ.א עמק חפר,עמק חפר,191147,692301,תורן קרקעי,09/06/2014,02/02/2020,19/10/2022,יש היתר,4,0,ליד שיח במרחק 16 מטר,http://documents.sviva.gov.il/B001_1_NS0210A_20140609_1029.pdf,http://documents.sviva.gov.il/B002_1_NS0210A_20200202_0743.pdf,דור  2 3 4,34.9037914792007,32.32412805617914
1724,PHI (משרת את הוט ופרטנר),NS3423B,צורן,ליד צורן,מ.מקומית צורן,לב השרון,195503,688670,תורן קרקעי,03/11/2022,15/12/2022,08/11/2022,יש היתר,19,3,בהנירים 17 במרחק 102 מטר,http://documents.sviva.gov.il/B001_1_NS3423B_20221103_1325.pdf,http://documents.sviva.gov.il/B002_1_NS3423B_20221215_1332.pdf,דור  2 3 4,34.950143924865856,32.29148698974152
1730,PHI (משרת את הוט ופרטנר),NS4092B,כפר יונה,אחי אילת,מ.מקומית כפר יונה,כפר יונה,194292,691435,מתקן גישה אלחוטי,28/12/2017,27/11/2022,09/11/2022,יש היתר,60,7,רמה זו צפויה במרפסת שכן - קומה 4 במרחק 6.5 מטר,http://documents.sviva.gov.il/B001_1_NS4092B_20171228_1013.pdf,http://documents.sviva.gov.il/B002_1_NS4092B_20221127_1919.pdf,דור  3 4,34.937214478676964,32.31639400907762
1746,PHI (משרת את הוט ופרטנר),NS3001A,טייבה-במשולש,בזק טייבה,עירית טייבה במשולש,טייבה,200271,685427,מתקן גישה אלחוטי,01/08/2022,05/12/2022,13/11/2022,יש היתר,68,8,במבנה מגורים - מרפסת גג במרחק 23 מטר,http://documents.sviva.gov.il/B001_1_NS3001A_20220801_1628.pdf,http://documents.sviva.gov.il/B002_1_NS3001A_20221205_1023.pdf,דור  3 4,35.00082773608256,32.26233455686614
1965,PHI (משרת את הוט ופרטנר),NS0810C,כפר יונה,קניון-שרת 6,מ.מקומית כפר יונה,כפר יונה,194019,691623,תורן על הגג,15/07/2020,13/10/2020,18/07/2023,יש היתר,33,4,רמה זו צפויה בשרת 9 במרחק 67 מטר,http://documents.sviva.gov.il/B001_1_NS0810C_20200715_1113.pdf,http://documents.sviva.gov.il/B002_1_NS0810C_20201013_0803.pdf,דור  2 3 4 5,34.93431041673342,32.31808313651676
2110,PHI (משרת את הוט ופרטנר),NS3847C,קלנסווה,קלנסווה מערב,מ.מקומית קלנסווה,קלנסווה,197140,688384,מתקן גישה אלחוטי,15/12/2020,26/08/2021,30/07/2023,יש היתר,32,5,בבתוך הפיר במרחק 2 מטר,http://documents.sviva.gov.il/B001_1_NS3847C_20201215_0902.pdf,http://documents.sviva.gov.il/B002_1_NS3847C_20210826_1542.pdf,דור  3 4,34.967529476788826,32.28894175480876
2235,PHI (משרת את הוט ופרטנר),NS6505D,קדימה,תורן הוט קדימה,מ.מקומית קדימה,צורן קדימה,192960,687754,תורן קרקעי,20/10/2021,10/11/2021,02/08/2023,יש היתר,2,0,בחממות גידול ירקות במרחק 48.9 מטר,http://documents.sviva.gov.il/B001_1_NS6505D_20211020_1314.pdf,http://documents.sviva.gov.il/B002_1_NS6505D_20211110_0650.pdf,דור  2 3 4,34.9231722882645,32.283169639279244
2239,PHI (משרת את הוט ופרטנר),NS0828B,צור משה,צור משה מזרח תורן עונים בירוק,מ.א לב השרון,לב השרון,193321,689730,תורן קרקעי,29/03/2022,15/11/2022,02/08/2023,יש היתר,1,0,במחסן חד קומתי במרחק 47 מטר,http://documents.sviva.gov.il/B001_1_NS0828B_20220329_1523.pdf,http://documents.sviva.gov.il/B002_1_NS0828B_20221115_1042.pdf,דור  2 3 4,34.926950139149604,32.30099683865029
2313,PHI (משרת את הוט ופרטנר),NS6537B,עזריאל,מושב עזריאל,מ.א לב השרון,לב השרון,197122,684308,תורן קרקעי,05/04/2022,02/06/2022,11/04/2023,יש היתר,2,0,צפויה במבנה מגורים חד קומתי במרחק 50 מטר,http://documents.sviva.gov.il/B001_1_NS6537B_20220405_0959.pdf,http://documents.sviva.gov.il/B002_1_NS6537B_20220602_1734.pdf,דור  2 3 4,34.967433939710794,32.25218552803553
2317,PHI (משרת את הוט ופרטנר),NS3226Q,הדר עם,הדר עם,מ.א עמק חפר,עמק חפר,191468,695161,תורן קרקעי,05/06/2019,28/08/2019,13/04/2023,יש היתר,2,0,במתחם משתלת נקודת חן במרחק 61 מטר,http://documents.sviva.gov.il/B001_1_NS3226Q_20190602_1131.pdf,http://documents.sviva.gov.il/B002_1_NS3226Q_20190904_0935.pdf,דור  2 3 4,34.90711621269019,32.349926159388595
2470,PHI (משרת את הוט ופרטנר),NS3222E,בחן,בחן,מ.א עמק חפר,עמק חפר,201033,695129,תורן קרקעי,23/03/2020,25/11/2020,03/11/2020,יש היתר,0,0,לא נמצאו אזורים מאוכלסים ברציפות בקרבת מקום.,http://documents.sviva.gov.il/B001_1_NS3222E_20200323_1026.pdf,http://documents.sviva.gov.il/B002_1_NS3222E_20201125_1539.pdf,דור  2 3 4,35.008726842358506,32.34983614358497
2691,סלקום,700,הדר עם,צומת  רופין,עמק חפר,עמק חפר,191487,695189,תורן קרקעי,07/12/2020,27/01/2021,06/11/2022,יש היתר,2.149,0.38,במבנה קרקע,http://documents.sviva.gov.il/B001_2_700_20201207_0928.pdf,http://documents.sviva.gov.il/B002_2_700_20210127_1331.pdf,דור 2 3 4 5,34.90731722537491,32.35017912418304
2782,סלקום,4114,כפר מונש,בין כפר מונש לבית הלוי,עמק חפר,עמק חפר,192815,695601,תורן קרקעי,09/09/2021,04/05/2023,28/03/2023,יש היתר,2.889,0.481,קרקע,http://documents.sviva.gov.il/B001_2_4114_20210909_1437.pdf,http://documents.sviva.gov.il/B002_2_4114_20230504_1303.pdf,דור 2 3 4,34.921413119004015,32.353926763619675
3100,סלקום,4121,כפר יונה,סמוך לבית העלמין,כפר יונה,כפר יונה,193165,692751,תורן קרקעי,07/02/2021,16/01/2023,19/10/2022,יש היתר,3.453,0.692,מבנה,http://documents.sviva.gov.il/B001_2_4121_20230822_1639.pdf,http://documents.sviva.gov.il/B002_2_4121_20230116_2116.pdf,דור 2 3 4 5,34.92521028081778,32.328235172935216
3127,סלקום,4297,עזריאל,בשדות המושב,לב השרון,לב השרון,196225,685598,תורן קרקעי,24/09/2020,15/01/2023,20/12/2022,יש היתר,1.79,0.22,קרקע,http://documents.sviva.gov.il/B001_2_4297_20200924_0908.pdf,http://documents.sviva.gov.il/B002_2_4297_20230115_1509.pdf,דור 2 3 4,34.9578838073984,32.26380007711903
3438,סלקום,888,גנות הדר,צומת השרון (בית ליד),עמק חפר,עמק חפר,191155,692308,תורן קרקעי,31/05/2011,06/07/2020,21/04/2020,יש היתר,3.951,0.898,קרקע,,http://documents.sviva.gov.il/B002_2_888_20200706_1002.pdf,דור 2 3 4,34.90387623097168,32.3241913810924
3607,PHI (משרת את הוט ופרטנר),NS3237C,בארותיים,משאבת מים - ליד בארותיים,מ.א עמק חפר,עמק חפר,197705,692252,תורן קרקעי,02/06/2019,02/02/2020,08/11/2021,יש היתר,0,0,לא נמצאו אזורים מאוכלסים ברציפות בקרבת מקום.,http://documents.sviva.gov.il/B001_1_NS3237C_20190602_1132.pdf,http://documents.sviva.gov.il/B002_1_NS3237C_20200202_0745.pdf,דור  2 3 4,34.973439045766746,32.32383288198555
3799,סלקום,976,אחיטוב,ליד החממות,עמק חפר,עמק חפר,199840,698672,תורן קרקעי,26/08/2021,02/03/2023,08/11/2022,יש היתר,10.38,1.66,קרקע,http://documents.sviva.gov.il/B001_2_976_20210826_0946.pdf,http://documents.sviva.gov.il/B002_2_976_20230302_1629.pdf,דור 2 3 4,34.99598017281382,32.3817648977345
3834,סלקום,1033,פורת,חורשת אקליפטוסים,לב השרון,לב השרון,196118,688377,תורן קרקעי,28/07/2013,17/02/2020,25/06/2023,יש היתר,1.69,0.19,קרקע,http://documents.sviva.gov.il/B001_2_1033_20210629_0918.pdf,http://documents.sviva.gov.il/B002_2_1033_20200217_1512.pdf,דור 2 3 4,34.95668011650149,32.28885781254827
3895,סלקום,22246,קלנסווה,רח` אל קירואן,קלנסווה,קלנסווה,198562,688351,אנטנת עוקץ,28/11/2022,15/06/2023,19/04/2023,יש היתר,25.512,3.918,במבנה רחוב אל-קירואן 11,http://documents.sviva.gov.il/B001_2_22246_20221128_1558.pdf,http://documents.sviva.gov.il/B002_2_22246_20230615_1328.pdf,דור 3 4 5,34.982626143348845,32.2886715900066
4046,פלאפון,920021,עולש,אתר שפכים,עמק חפר,עמק חפר,200770,693248,תורן קרקעי,21/06/2023,05/07/2023,28/06/2023,יש היתר,2.655,0.596,אין אזור מאוכלס ברציפות,http://documents.sviva.gov.il/B001_3_920021_20230621_1114.pdf,http://documents.sviva.gov.il/B002_3_920021_20230706_1127.pdf,דור 3 4 5,35.00596998319108,32.33286975968636
4057,פלאפון,920109,צור משה,צור משה,לב השרון,צור משה,192091,689654,מתקן גישה אלחוטי,30/03/2017,19/04/2023,28/03/2023,יש היתר,20.54,2.645,במבנה בית חולים - קומה 1 במרחק 34 מטר ובכיוון °0.,http://documents.sviva.gov.il/B001_3_920109_20170330_1004.pdf,http://documents.sviva.gov.il/B002_3_920109_20230419_1759.pdf,דור 3 4,34.91389298582929,32.30028212825912
4064,פלאפון,920178,גאולים,שטח במושב פורת - סמוך לתורן סלקום,לב השרון,לב השרון,196140,688371,תורן קרקעי,08/07/2021,08/01/2023,28/12/2022,יש היתר,0,0,אין אזור מאוכלס ברציפות,http://documents.sviva.gov.il/B001_3_920178_20210708_1630.pdf,http://documents.sviva.gov.il/B002_3_920178_20230116_0903.pdf,דור 3 4,34.95691381476055,32.288804164931484
4065,פלאפון,920179,טייבה,צומת שער אפרים,טייבה,טייבה,200773,687601,תורן קרקעי,02/06/2021,14/12/2021,25/11/2021,יש היתר,2.155,0.52,בתוך מבנה מגורים שלומציון 59,http://documents.sviva.gov.il/B001_3_920179_20210602_1308.pdf,http://documents.sviva.gov.il/B002_3_920179_20211214_1404.pdf,דור 3 4,35.006112784348,32.28194740788884
4071,פלאפון,920199,עזריאל,כביש 553 מזרחית לישוב פורת כ-1.4  קמ,לב השרון,לב השרון,196215,685577,תורן קרקעי,14/07/2022,18/06/2023,22/05/2023,יש היתר,0,0,אין אזור מאוכלס ברציפות,http://documents.sviva.gov.il/B001_3_920199_20220714_1408.pdf,http://documents.sviva.gov.il/B002_3_920199_20230619_0943.pdf,דור 3 4,34.95777818900186,32.263610499616405
4073,פלאפון,920201,כפר יונה,שרת 6,שרונים,כפר יונה,193968,691619,מתקן גישה אלחוטי,02/11/2015,08/08/2021,23/04/2023,יש היתר,,,,http://documents.sviva.gov.il/B001_3_920201_20151102_0923.pdf,http://documents.sviva.gov.il/B002_3_920201_20210808_1807.pdf,דור 3 4,34.93376893683691,32.31804590617047
4078,פלאפון,920209,רופין,קיבוץ העוגן,עמק חפר,עמק חפר,192397,696166,תורן קרקעי,09/11/2017,28/03/2023,23/03/2023,יש היתר,0,0,אין אזור מאוכלס ברציפות,http://documents.sviva.gov.il/B001_3_920209_20171109_0839.pdf,http://documents.sviva.gov.il/B002_3_920209_20230329_1558.pdf,דור 3 4,34.91695636812489,32.35901159461813
4079,פלאפון,920215,יד חנה,כביש יד חנה קידוח בארותיים 2,עמק חפר,עמק חפר,200075,691730,תורן קרקעי,31/08/2023,18/10/2020,02/10/2020,יש היתר,0,0,אין אזור מאוכלס ברציפות,http://documents.sviva.gov.il/B001_3_920215_20230831_1049.pdf,http://documents.sviva.gov.il/B002_3_920215_20201018_1214.pdf,דור 3 4 5,34.99861925974778,32.319169261035434
4082,פלאפון,920227,עמק חפר,שטח חקלאי דרום מזרחית לישוב כפר ידידיה (,עמק חפר,עמק חפר,190956,693544,תורן קרקעי,21/02/2023,08/10/2023,27/09/2023,יש היתר,0,0,אין אזור מאוכלס ברציפות,http://documents.sviva.gov.il/B001_3_920227_20230221_1608.pdf,http://documents.sviva.gov.il/B002_3_920227_20231009_1247.pdf,דור 3 4,34.901725759058614,32.335331958563366
4085,פלאפון,920245,עמק חפר,תורן סלקום הנמצא בשדה פתוח ליד הישוב חני,עמק חפר,עמק חפר,195877,692636,תורן קרקעי,18/02/2021,23/06/2021,07/06/2021,יש היתר,0,0,קרקע,http://documents.sviva.gov.il/B001_3_920245_20210218_0911.pdf,http://documents.sviva.gov.il/B002_3_920245_20210629_0911.pdf,דור 3 4,34.954016065192555,32.32725859561707
4086,פלאפון,920251,כפר יונה,זית 37,כפר יונה,כפר יונה,193849,691089,מתקן גישה אלחוטי,23/11/2021,08/01/2023,27/11/2022,יש היתר,29.971,4.225,במבנה בית פרטי רח` הפקאן 1 - גג+ מרפסת במרחק 34 מטר ובכיוון °120.,http://documents.sviva.gov.il/B001_3_920251_20211123_1714.pdf,http://documents.sviva.gov.il/B002_3_920251_20230108_1552.pdf,דור 3 4,34.9325195114537,32.31326389223355
4090,פלאפון,920268,כפר יונה,"אח`"" אילת",כפר יונה,כפר יונה,194290,691434,מתקן גישה אלחוטי,19/02/2015,24/02/2020,09/11/2022,יש היתר,11.92,2.003,במרפסת שכן במרחק 7 מטר ובכיוון °0.,http://documents.sviva.gov.il/B001_3_920268_20150219_0821.pdf,http://documents.sviva.gov.il/B002_3_920268_20200224_0957.pdf,דור 3 4,34.937193266828665,32.316384946569315
4096,פלאפון,920303,קדימה,סוף  רחוב  משמר  הירדן,קדימה צורן,צורן קדימה,192965,687735,תורן קרקעי,10/08/2022,13/02/2023,11/01/2023,יש היתר,1.606,0.309,במפלס קרקע/חממות במרחק 40 מטר ובכיוון °260.,http://documents.sviva.gov.il/B001_3_920303_20220810_0850.pdf,http://documents.sviva.gov.il/B002_3_920303_20230213_1130.pdf,דור 3 4 5,34.92322589329078,32.282998423402034
4097,פלאפון,920304,ידידיה,הדרם מבנה שאיבה (תחנת סניקה גוש חיה),עמק חפר,עמק חפר,191491,695191,תורן קרקעי,05/04/2016,08/01/2023,21/12/2022,יש היתר,0,0,אין אזור מאוכלס ברציפות,http://documents.sviva.gov.il/B001_3_920304_20160404_1022.pdf,http://documents.sviva.gov.il/B002_3_920304_20230116_0904.pdf,דור 3 4,34.9073596587544,32.35019725920049
4117,סלקום,1070,בארותיים,כביש בית ליד טול כרם סמוך לבריכת מים בארותיים,עמק חפר,עמק חפר,199541,691040,תורן קרקעי,26/08/2010,11/08/2020,22/07/2021,יש היתר,0.95,0.11,קרקע,http://documents.sviva.gov.il/B001_2_1070_20201014_1256.pdf,http://documents.sviva.gov.il/B002_2_1070_20200811_1649.pdf,דור 2 3 4,34.99296288604129,32.31293775506526
4368,פלאפון,920375,עין ורד,מושב עין ורד אחרי הכניסה לישוב,לב השרון,עין ורד,194330,685274,תורן קרקעי,20/08/2020,18/10/2020,02/10/2020,יש היתר,0,0,,http://documents.sviva.gov.il/B001_3_920375_20200820_1314.pdf,http://documents.sviva.gov.il/B002_3_920375_20201018_1216.pdf,דור 3 4 5,34.93778063820945,32.260837518056064
4375,פלאפון,920435,אחיטוב,האתר ימוקם במתחם חממות צפונית לאתר סלקום,עמק חפר,עמק חפר,198909,698737,תורן קרקעי,22/06/2020,12/10/2020,02/04/2023,יש היתר,,,,http://documents.sviva.gov.il/B001_3_920435_20200622_1305.pdf,http://documents.sviva.gov.il/B002_3_920435_20201012_1256.pdf,דור 3 4 5,34.986085172545245,32.38233429052381
4380,פלאפון,920451,בחן,מערב ישוב בחן אפיק עמק חפר   קיבוץ בחן.,עמק חפר,עמק חפר,201022,695117,תורן קרקעי,09/02/2023,28/05/2023,16/05/2023,יש היתר,0,0,אין אזור מאוכלס ברציפות,http://documents.sviva.gov.il/B001_3_920451_20230209_1603.pdf,http://documents.sviva.gov.il/B002_3_920451_20230529_0957.pdf,דור 3 4,35.00861022112082,32.34972775174376
4383,פלאפון,920468,צור משה,שדה חקלאי דרומי בצור משה,לב השרון,צורן קדימה,191723,688885,תורן קרקעי,17/03/2022,14/09/2022,12/07/2023,יש היתר,0,0,בתוך מבנה הקרוב כ- 108 מטר מערבה,http://documents.sviva.gov.il/B001_3_920468_20220317_0936.pdf,http://documents.sviva.gov.il/B002_3_920468_20220914_1513.pdf,דור 3 4 5,34.91000824924675,32.293338579074785
4385,פלאפון,920485,אמץ,כיכר בכניסה לישוב אמץ,עמק חפר,עמק חפר,199330,696570,תורן קרקעי,25/03/2020,12/10/2020,01/10/2020,יש היתר,0,0,אין אזור מאוכלס ברציפות,http://documents.sviva.gov.il/B001_3_920485_20200325_1433.pdf,http://documents.sviva.gov.il/B002_3_920485_20201012_1259.pdf,דור 3 4 5,34.99060511020862,32.36280103475103
4388,פלאפון,920525,קלנסואה,במרכז העיר,קלנסואה,קלנסווה,198475,687795,מתקן גישה אלחוטי,06/07/2021,07/12/2022,01/12/2022,יש היתר,46.808,7.279,במבנה מגורים בבנייה במרחק 20 מטר ובכיוון °320.,http://documents.sviva.gov.il/B001_3_920525_20210706_1643.pdf,http://documents.sviva.gov.il/B002_3_920525_20221215_1329.pdf,דור 3 4,34.9817148080503,32.28365616840785
4390,פלאפון,920545,לב השרון,בכניסה למושב ינוב,לב השרון,לב השרון,195937,691052,תורן קרקעי,21/04/2015,08/08/2022,07/06/2023,יש היתר,24.735,2.757,במחסן  ק. קרקע במרחק 73 מטר ובכיוון °205.,http://documents.sviva.gov.il/B001_3_920545_20150421_1057.pdf,http://documents.sviva.gov.il/B002_3_920545_20220808_1403.pdf,דור 3 4,34.954692491227306,32.31297605506576
4398,פלאפון,920631,עמק חפר,שדה פתוח סמוך לישוב בית הלוי.,עמק חפר,עמק חפר,192816,695601,תורן קרקעי,25/09/2019,29/03/2020,24/03/2020,יש היתר,0,0,אין אזור מאוכלס ברציפות,http://documents.sviva.gov.il/B001_3_920631_20190925_1316.pdf,http://documents.sviva.gov.il/B002_3_920631_20200329_0940.pdf,דור 3 4,34.92142374253513,32.35392678745382
4402,פלאפון,920755,כפר יונה,דרומית לכפר יונה,כפר יונה,כפר יונה,193053,690435,תורן קרקעי,16/04/2015,27/04/2022,19/02/2023,יש היתר,0,0,אין אזור מאוכלס ברציפות,http://documents.sviva.gov.il/B001_3_920755_20150416_0910.pdf,http://documents.sviva.gov.il/B002_3_920755_20220427_2153.pdf,דור 3 4,34.92408511706245,32.30734792789675
4406,פלאפון,920925,כפר יונה,הברוש/ נחל ערוגות 11,כפר יונה,כפר יונה,193220,691065,מתקן גישה אלחוטי,07/07/2015,08/08/2022,27/09/2023,יש היתר,71.653,7.895,בנחל ערוגות 11  מבנה צמוד -בית פרטי 2 קומות- עליית גג במרחק 7 מטר ובכיוון °310.,http://documents.sviva.gov.il/B001_3_920925_20150707_0816.pdf,http://documents.sviva.gov.il/B002_3_920925_20220808_1612.pdf,דור 3 4,34.925840955658686,32.31303290703106
4719,פלאפון,924122,טייבה,מזרח טייבה,טייבה,טייבה,201444,685139,מתקן גישה אלחוטי,09/02/2023,20/05/2020,17/01/2023,יש היתר,51.514,7.966,במבנה מגורים - קומה 2 - מרפסת במרחק 12 מטר ובכיוון °45.,http://documents.sviva.gov.il/B001_3_924122_20230209_1606.pdf,http://documents.sviva.gov.il/B002_3_924122_20200520_1250.pdf,דור 3 4,35.01328212934656,32.2597569152179
4724,פלאפון,924644,עמק חפר,צומת חניאל,עמק חפר,עמק חפר,194636,691962,תורן קרקעי,15/12/2022,16/05/2023,23/04/2023,יש היתר,0,0,אין אזור מאוכלס ברציפות,http://documents.sviva.gov.il/B001_3_924644_20221215_0854.pdf,http://documents.sviva.gov.il/B002_3_924644_20230517_1324.pdf,דור 3 4,34.94085370873606,32.321153935590395
4725,פלאפון,924714,קלנסואה,בשדות כפר יעבץ,לב השרון,לב השרון,198130,686671,תורן קרקעי,15/02/2021,21/04/2021,08/04/2021,יש היתר,0,0,אין אזור מאוכלס ברציפות,http://documents.sviva.gov.il/B001_3_924714_20210215_1717.pdf,http://documents.sviva.gov.il/B002_3_924714_20210428_1038.pdf,דור 3 4,34.978077672060394,32.27351384387782
5165,סלקום,1481,יד חנה,מזרחית למפעל משער,עמק חפר,עמק חפר,201182,692182,תורן קרקעי,06/02/2023,22/08/2023,04/04/2023,יש היתר,2.779,0.513,קרקע,http://documents.sviva.gov.il/B001_2_1481_20230206_1347.pdf,http://documents.sviva.gov.il/B002_2_1481_20230822_1638.pdf,דור 2 3 4 5,35.01036639695666,32.32326383016231
5166,סלקום,1482,טייבה,צומת שער אפרים,טייבה,טייבה,200777,687613,תורן קרקעי,29/10/2012,23/06/2020,15/09/2022,יש היתר,0.94,0.11,ב ת דלק פז שער השרון,http://documents.sviva.gov.il/B001_2_1482_20210426_1521.pdf,http://documents.sviva.gov.il/B002_2_1482_20200623_1747.pdf,דור 2 3 4,35.00615500974384,32.282055686220644
5980,PHI (משרת את הוט ופרטנר),NS0913D,חניאל,תורן סלקום,מ.א עמק חפר,עמק חפר,194641,691936,תורן קרקעי,19/02/2019,16/06/2019,05/06/2019,יש היתר,0,0,לא נמצאו אזורים מאוכלסים ברציפות בקרבת מקום.,http://documents.sviva.gov.il/B001_1_NS0913D_20190219_0853.pdf,http://documents.sviva.gov.il/B002_1_NS0913D_20190616_2004.pdf,דור  2 3 4,34.940907486253955,32.32091959038548
6383,PHI (משרת את הוט ופרטנר),NS6278B,כפר מונש,כפר מונש,מ.א עמק חפר,עמק חפר,192815,695603,תורן קרקעי,09/09/2019,02/12/2019,21/11/2019,יש היתר,0,0,לא נמצאו אזורים מאוכלסים ברציפות בקרבת מקום.,http://documents.sviva.gov.il/B001_1_NS6278B_20190909_1224.pdf,http://documents.sviva.gov.il/B002_1_NS6278B_20191202_0930.pdf,דור  2 3 4,34.92141306284473,32.35394479857915
6651,סלקום,1975,חניאל,בין חניאל לבורגתה,עמק חפר,עמק חפר,195872,692627,תורן קרקעי,02/03/2023,01/05/2023,27/03/2023,יש היתר,5.51,0.67,קרקע,http://documents.sviva.gov.il/B001_2_1975_20230302_1552.pdf,http://documents.sviva.gov.il/B002_2_1975_20230501_1400.pdf,דור 2 3 4,34.95396318639061,32.32717733236234
6652,סלקום,1976,ינוב,צפונית לינוב,לב השרון,לב השרון,195914,691050,תורן קרקעי,07/12/2020,27/01/2021,25/06/2023,יש היתר,9.396,1.267,במבנה בית אריזה קומת קרקע,http://documents.sviva.gov.il/B001_2_1976_20210215_1720.pdf,http://documents.sviva.gov.il/B002_2_1976_20210127_1928.pdf,דור 2 3 4 5,34.95444830886589,32.31295753652025
6723,סלקום,7563,בחן,צומת כביש מס` 5714 וכביש מס` 65,עמק חפר,עמק חפר,201499,695363,תורן קרקעי,14/10/2020,15/11/2020,25/06/2023,יש היתר,1.696,0.383,קרקע,http://documents.sviva.gov.il/B001_2_7563_20210228_1248.pdf,http://documents.sviva.gov.il/B002_2_7563_20201115_0859.pdf,דור 2 3 4 5,35.01367278976174,32.3519538309744
6935,סלקום,242,טייבה,מרכזת בזק טייבה,טייבה,טייבה,200272,685428,מתקן גישה אלחוטי,15/04/2018,02/01/2023,06/12/2022,יש היתר,67.54,8.26,גג מבנה מגורים,http://documents.sviva.gov.il/B001_2_242_20180415_1344.pdf,http://documents.sviva.gov.il/B002_2_242_20230102_1405.pdf,דור 3 4,35.00083832886678,32.26234359163259
7113,PHI (משרת את הוט ופרטנר),NS3227K,ידידיה,כפר ידידיה,מ.א עמק חפר,עמק חפר,190939,693532,תורן קרקעי,18/07/2016,26/05/2020,21/05/2020,יש היתר,1,0,במפלס הקרקע מול סקטור C/K+F במרחק 75 מטר,http://documents.sviva.gov.il/B001_1_NS3227K_20160718_1406.pdf,http://documents.sviva.gov.il/B002_1_NS3227K_20200526_1002.pdf,דור  2 3 4,34.90154555663831,32.33522331539442
7471,PHI (משרת את הוט ופרטנר),NS4264M,להבות חביבה,מאגר אלונה,מ.א מנשה אלונה,מנשה,200874,699035,תורן קרקעי,29/07/2019,02/10/2019,05/08/2020,יש היתר,2,0,במבנה תחזוקה במרחק 35 מטר,http://documents.sviva.gov.il/B001_1_NS4264M_20190729_1512.pdf,http://documents.sviva.gov.il/B002_1_NS4264M_20191002_2123.pdf,דור  2 3 4,35.0069612181421,32.38505593430854
7484,PHI (משרת את הוט ופרטנר),NS0826A,צור משה,"צור משה  - שת""פ פלאפון",מ.א לב השרון,צור משה,191865,688872,תורן קרקעי,16/03/2020,02/09/2020,28/08/2020,יש היתר,0,0,לא נמצאו אזורים מאוכלסים ברציפות בקרבת מקום.,http://documents.sviva.gov.il/B001_1_NS0826A_20200316_1741.pdf,http://documents.sviva.gov.il/B002_1_NS0826A_20200902_1535.pdf,דור  2 3 4,34.91151616197961,32.29322485686361
7834,PHI (משרת את הוט ופרטנר),NS3220A,כפר יעבץ,כפר יעבץ,מ.א לב השרון,לב השרון,196234,686664,תורן קרקעי,15/07/2020,13/10/2020,06/10/2020,יש היתר,0,0,לא נמצאו אזורים מאוכלסים ברציפות בקרבת מקום.,http://documents.sviva.gov.il/B001_1_NS3220A_20200715_1320.pdf,http://documents.sviva.gov.il/B002_1_NS3220A_20201013_1039.pdf,דור  2 3 4 5,34.957953344196426,32.27341305550841
7859,PHI (משרת את הוט ופרטנר),NS3154C,עזריאל,מושב עזריאל,מ.א לב השרון,לב השרון,198246,686494,תורן קרקעי,11/08/2020,03/11/2020,15/10/2020,יש היתר,0,0,לא נמצאו אזורים מאוכלסים ברציפות בקרבת מקום,http://documents.sviva.gov.il/B001_1_NS3154C_20200811_1534.pdf,http://documents.sviva.gov.il/B002_1_NS3154C_20201103_1327.pdf,דור  2 3 4 5,34.97931285980198,32.271919922513355
8146,סלקום,2860,קדימה-צורן,"אזה""ת קדימה רח` המתכת",לב השרון,לב השרון,192978,687067,תורן על הגג,25/06/2018,20/03/2019,09/02/2023,יש היתר,4.444,0.702,במבנה תעשייה קומה 2,http://documents.sviva.gov.il/B001_2_2860_20211205_1755.pdf,http://documents.sviva.gov.il/B002_2_2860_20190320_0945.pdf,דור 2 3 4,34.923382465734385,32.27697498243168
